target	result	error	footer
docs/examples/intro-bbj/better-hello-world/BetterHelloWorld.bbj	pass		bbj-docs · hosted · docs 2026-09-21 · fd516a9d
docs/examples/intro-bbj/dwc-lesson-result/Sample.bbj	pass		bbj-docs · hosted · docs 2026-09-21 · fd516a9d
docs/examples/intro-bbj/dwc-lesson-start/Sample.bbj	pass		bbj-docs · hosted · docs 2026-09-21 · fd516a9d
docs/examples/intro-bbj/oo-samples/Car.bbj	pass		bbj-docs · hosted · docs 2026-09-21 · fd516a9d
docs/examples/intro-bbj/oo-samples/CarApplication.bbj	pass		bbj-docs · hosted · docs 2026-09-21 · fd516a9d
docs/examples/intro-bbj/oo-samples/MyDialog.bbj	pass		bbj-docs · hosted · docs 2026-09-21 · fd516a9d
docs/docs/intro-bbj/01-getting-started/02-first-hello-world.mdx#1	pass		bbj-docs · hosted · docs 2026-09-21 · fd516a9d
docs/docs/intro-bbj/01-getting-started/03-syntax-and-variables.mdx#1	pass		bbj-docs · hosted · docs 2026-09-21 · fd516a9d
docs/docs/intro-bbj/01-getting-started/03-syntax-and-variables.mdx#2	pass		bbj-docs · hosted · docs 2026-09-21 · fd516a9d
docs/docs/intro-bbj/01-getting-started/03-syntax-and-variables.mdx#3	pass		bbj-docs · hosted · docs 2026-09-21 · fd516a9d
docs/docs/intro-bbj/01-getting-started/03-syntax-and-variables.mdx#4	pass		bbj-docs · hosted · docs 2026-09-21 · fd516a9d
docs/docs/intro-bbj/01-getting-started/03-syntax-and-variables.mdx#5	pass		bbj-docs · hosted · docs 2026-09-21 · fd516a9d
docs/docs/intro-bbj/01-getting-started/03-syntax-and-variables.mdx#6	pass		bbj-docs · hosted · docs 2026-09-21 · fd516a9d
docs/docs/intro-bbj/01-getting-started/03-syntax-and-variables.mdx#7	pass		bbj-docs · hosted · docs 2026-09-21 · fd516a9d
docs/docs/intro-bbj/01-getting-started/05-loops-and-if-statements.mdx#1	fail	line 2 col 1 SyntaxError: syntax error; line 4 col 1 SyntaxError: syntax error (placeholders dosomething / dosomethingelse are not BBj statements)	bbj-docs · hosted · docs 2026-09-21 · fd516a9d
docs/docs/intro-bbj/01-getting-started/05-loops-and-if-statements.mdx#2	fail	line 1 col 1 SyntaxError: syntax error (placeholder dosomething is not a BBj statement)	bbj-docs · hosted · docs 2026-09-21 · fd516a9d
docs/docs/intro-bbj/01-getting-started/07-multiplying-calculator.mdx#1	pass		bbj-docs · hosted · docs 2026-09-21 · fd516a9d
docs/docs/intro-bbj/02-object-oriented-syntax/03-reference-classes.mdx#1	pass		bbj-docs · hosted · docs 2026-09-21 · fd516a9d
docs/docs/intro-bbj/03-web-development/03-developing-for-the-web.mdx#1	pass		bbj-docs · hosted · docs 2026-09-21 · fd516a9d
docs/docs/intro-bbj/03-web-development/04-window-layout-mode.mdx#1	pass		bbj-docs · hosted · docs 2026-09-21 · fd516a9d
docs/docs/intro-bbj/03-web-development/05-css-layout-instructions.mdx#1	pass		bbj-docs · hosted · docs 2026-09-21 · fd516a9d
docs/docs/intro-bbj/03-web-development/06-css-on-controls.mdx#1	pass		bbj-docs · hosted · docs 2026-09-21 · fd516a9d
docs/docs/intro-bbj/03-web-development/06-css-on-controls.mdx#2	pass		bbj-docs · hosted · docs 2026-09-21 · fd516a9d
docs/docs/intro-bbj/03-web-development/07-style-attributes.mdx#1	pass		bbj-docs · hosted · docs 2026-09-21 · fd516a9d
docs/docs/intro-bbj/03-web-development/08-external-css-file.mdx#1	pass		bbj-docs · hosted · docs 2026-09-21 · fd516a9d
docs/docs/intro-bbj/03-web-development/08-external-css-file.mdx#2	pass		bbj-docs · hosted · docs 2026-09-21 · fd516a9d
docs/docs/intro-bbj/04-theming-and-styling/01-shadow-dom-parts.mdx#1	pass		bbj-docs · hosted · docs 2026-09-21 · fd516a9d
docs/docs/intro-bbj/04-theming-and-styling/01-shadow-dom-parts.mdx#2	pass		bbj-docs · hosted · docs 2026-09-21 · fd516a9d
docs/docs/intro-bbj/04-theming-and-styling/02-dark-theme.mdx#1	pass		bbj-docs · hosted · docs 2026-09-21 · fd516a9d
docs/docs/intro-bbj/04-theming-and-styling/02-dark-theme.mdx#2	pass		bbj-docs · hosted · docs 2026-09-21 · fd516a9d
