id	result	error	lookups	fix	footer
dwc/02_CSSStylesAndCustomProperties/Exercise-ThemingSupportComplete-Layout.css	pass		styles_validate_tokens=webforJ 26 (26.02), 4 tokens valid and declared in docs/static/css/dwc-ui.css		webforj-mcp styles_validate_tokens webforJ 26
dwc/02_CSSStylesAndCustomProperties/Exercise-ThemingSupportComplete-Theme.css	pass		styles_validate_tokens=webforJ 26 (26.02), 3 tokens valid and declared in docs/static/css/dwc-ui.css		webforj-mcp styles_validate_tokens webforJ 26
dwc/02_CSSStylesAndCustomProperties/Exercise-ThemingSupportComplete.bbj	pass		BBjAPI::getWebManager=https://documentation.basis.cloud/BASISHelp/WebHelp/bbjobjects/bbjapi/BBjAPI_getWebManager.htm;BBjWebManager::setTheme=https://documentation.basis.cloud/BASISHelp/WebHelp/bui/BBjBuiManager/BBjWebManager_setTheme.htm;BBjWebManager::injectStyle=https://documentation.basis.cloud/BASISHelp/WebHelp/bui/BBjBuiManager/BBjBuiManager_injectStyle.htm;BBjAPI::getFileSystem=https://documentation.basis.cloud/BASISHelp/WebHelp/bbjobjects/bbjapi/bbjapi_getfilesystem.htm;BBjFileSystem::resolvePath=https://documentation.basis.cloud/BASISHelp/WebHelp/bbjobjects/FileSystem/bbjfilesystem/BBjFileSystem_resolvePath.htm;BBjControl::setText=https://documentation.basis.cloud/BASISHelp/WebHelp/bbjobjects/SysGui/bbjcontrol/bbjcontrol_settext.htm;BBjEditModifyEvent::getText=https://documentation.basis.cloud/BASISHelp/WebHelp/bbjevents/BBjEditModifyEvent/bbjeditmodifyevent_gettext.htm;BBjWindow::addListEdit=https://documentation.basis.cloud/BASISHelp/WebHelp/bbjobjects/Window/bbjwindow/bbjwindow_addlistedit.htm		bbj-docs · hosted · docs 2026-09-21 · fd516a9d
dwc/03C_Grid2GridEx/Exercise-BBjGridExWidgetComplete.bbj	pass		BBjAPI::getJDBCConnection=https://documentation.basis.cloud/BASISHelp/WebHelp/bbjobjects/bbjapi/bbjapi_getjdbcconnection.htm;BBjWindow::setPanelStyle=https://documentation.basis.cloud/BASISHelp/WebHelp/bbjobjects/Window/bbjwindow/BBjWindow_setPanelStyle.htm;BBjControl::setStyle=https://documentation.basis.cloud/BASISHelp/WebHelp/bbjobjects/SysGui/bbjcontrol/BBjControl_setStyle.htm;BBjWindow::addChildWindow=https://documentation.basis.cloud/BASISHelp/WebHelp/bbjobjects/Window/bbjwindow/bbjwindow_addchildwindow.htm;BBjGridExWidget=https://documentation.basis.cloud/BASISHelp/WebHelp/bbutil/BBjGridExWidget/BBjGridExWidget.htm;SqlQueryBC=https://documentation.basis.cloud/BASISHelp/WebHelp/bbutil/BBjGridExWidget/BBjGridExWidget.htm;ResultSet=https://documentation.basis.cloud/BASISHelp/WebHelp/bbutil/BBjGridExWidget/BBjGridExWidget.htm;plug-in use targets parse but are not resolved by the hosted check (stock BBj 26.03 without PREFIX)		bbj-docs · hosted · docs 2026-09-21 · fd516a9d
dwc/09_EmbeddingOtherComponents/Exercise-EmbedComponentComplete.bbj	pass		BBjWindow::addWebComponent=https://documentation.basis.cloud/BASISHelp/WebHelp/bbjobjects/Window/bbjwindow/BBjWindow_addWebComponent.htm;BBjWebComponent::newEventOptions=https://documentation.basis.cloud/BASISHelp/WebHelp/bbjobjects/Window/BBjWebComponent/BBjWebComponent_newEventOptions.htm;BBjWebEventOptions::addItem=https://documentation.basis.cloud/BASISHelp/WebHelp/bbjobjects/Window/BBjWebComponent/BBjWebEventOptions/BBjWebEventOptions_addItem.htm;BBjWebEvent::getEventMap=https://documentation.basis.cloud/BASISHelp/WebHelp/bbjevents/BBjWebEvent/BBjWebEvent_getEventMap.htm;BBjWebManager::injectScriptUrl=https://documentation.basis.cloud/BASISHelp/WebHelp/bui/BBjBuiManager/BBjBuiManager_injectScriptUrl.htm;BBjWebComponent::setAttribute and setCallback(event,label,options)=https://documentation.basis.cloud/BASISHelp/WebHelp/bbjobjects/Window/BBjWebComponent/BBjWebComponent_getDisableOnClick.htm;BBjWindow::setPanelStyle=https://documentation.basis.cloud/BASISHelp/WebHelp/bbjobjects/Window/bbjwindow/BBjWindow_setPanelStyle.htm;STR(object)=https://documentation.basis.cloud/BASISHelp/WebHelp/commands/bbj-commands/str_function_bbj.htm		bbj-docs · hosted · docs 2026-09-21 · fd516a9d
dwc/10_AdvancedResponsive/Exercise-ButtonTransitionComplete.bbj	pass		BBjWindow::addPanelStyle=https://documentation.basis.cloud/BASISHelp/WebHelp/bbjobjects/Window/bbjwindow/BBjWindow_addPanelStyle.htm;BBjControl::addStyle=https://documentation.basis.cloud/BASISHelp/WebHelp/bbjobjects/SysGui/bbjcontrol/bbjcontrol_addstyle.htm;MSGBOX=https://documentation.basis.cloud/BASISHelp/WebHelp/commands/bbj-commands/msgbox_function_bbj.htm;BBjWebManager::injectStyle=https://documentation.basis.cloud/BASISHelp/WebHelp/bui/BBjBuiManager/BBjBuiManager_injectStyle.htm;BBjFileSystem::resolvePath=https://documentation.basis.cloud/BASISHelp/WebHelp/bbjobjects/FileSystem/bbjfilesystem/BBjFileSystem_resolvePath.htm		bbj-docs · hosted · docs 2026-09-21 · fd516a9d
dwc/10_AdvancedResponsive/Exercise-ButtonTransitionComplete.css	pass		styles_validate_tokens=webforJ 26 (26.02), 1 tokens valid and declared in docs/static/css/dwc-ui.css		webforj-mcp styles_validate_tokens webforJ 26
dwc/10_AdvancedResponsive/Exercise-MediaQueriesComplete.bbj	pass		BBjFormValidationEvent::getText=https://documentation.basis.cloud/BASISHelp/WebHelp/bbjevents/BBjFormValidationEvent/bbjformvalidationevent_gettext.htm;BBjFormValidationEvent::accept=https://documentation.basis.cloud/BASISHelp/WebHelp/bbjevents/BBjFormValidationEvent/bbjformvalidationevent_accept.htm;BBjWindow::addPanelStyle=https://documentation.basis.cloud/BASISHelp/WebHelp/bbjobjects/Window/bbjwindow/BBjWindow_addPanelStyle.htm;BBjControl::addStyle=https://documentation.basis.cloud/BASISHelp/WebHelp/bbjobjects/SysGui/bbjcontrol/bbjcontrol_addstyle.htm;MSGBOX=https://documentation.basis.cloud/BASISHelp/WebHelp/commands/bbj-commands/msgbox_function_bbj.htm;BBjWebManager::injectStyle=https://documentation.basis.cloud/BASISHelp/WebHelp/bui/BBjBuiManager/BBjBuiManager_injectStyle.htm		bbj-docs · hosted · docs 2026-09-21 · fd516a9d
dwc/10_AdvancedResponsive/Exercise-MediaQueriesComplete.css	pass		styles_validate_tokens=webforJ 26 (26.02), 5 tokens valid and declared in docs/static/css/dwc-ui.css		webforj-mcp styles_validate_tokens webforJ 26
intro-bbj/exercises/LoginDialog.bbj	pass		FIELD (static, #fieldname)=https://documentation.basis.cloud/BASISHelp/WebHelp/commands/bbj-commands/field_verb_bbj.htm;METHODRET=https://documentation.basis.cloud/BASISHelp/WebHelp/commands/methodret_verb.htm;BBjTopLevelWindow::destroy=https://documentation.basis.cloud/BASISHelp/WebHelp/bbjobjects/Window/bbjtoplevelwindow/bbjtoplevelwindow_destroy.htm;BBjControl::setText=https://documentation.basis.cloud/BASISHelp/WebHelp/bbjobjects/SysGui/bbjcontrol/bbjcontrol_settext.htm;MSGBOX=https://documentation.basis.cloud/BASISHelp/WebHelp/commands/bbj-commands/msgbox_function_bbj.htm;bbj_reserved_word ok/choice/user/secret/note=not reserved		bbj-docs · hosted · docs 2026-09-21 · fd516a9d
intro-bbj/exercises/ResponsiveLoginDialog.bbj	pass		BBjWindow::getAvailableControlID=https://documentation.basis.cloud/BASISHelp/WebHelp/bbjobjects/Window/bbjwindow/bbjwindow_getavailablecontrolid.htm;BBjWindow::addChildWindow=https://documentation.basis.cloud/BASISHelp/WebHelp/bbjobjects/Window/bbjwindow/bbjwindow_addchildwindow.htm;BBjWindow::addPanelStyle=https://documentation.basis.cloud/BASISHelp/WebHelp/bbjobjects/Window/bbjwindow/BBjWindow_addPanelStyle.htm;BBjFileSystem::resolvePath=https://documentation.basis.cloud/BASISHelp/WebHelp/bbjobjects/FileSystem/bbjfilesystem/BBjFileSystem_resolvePath.htm;BBjWebManager::injectStyle=https://documentation.basis.cloud/BASISHelp/WebHelp/bui/BBjBuiManager/BBjBuiManager_injectStyle.htm;FIELD (static, #fieldname)=https://documentation.basis.cloud/BASISHelp/WebHelp/commands/bbj-commands/field_verb_bbj.htm;METHODRET=https://documentation.basis.cloud/BASISHelp/WebHelp/commands/methodret_verb.htm;BBjTopLevelWindow::destroy=https://documentation.basis.cloud/BASISHelp/WebHelp/bbjobjects/Window/bbjtoplevelwindow/bbjtoplevelwindow_destroy.htm		bbj-docs · hosted · docs 2026-09-21 · fd516a9d
intro-bbj/exercises/TicTacToe.bbj	pass		BBjVector::getItem=https://documentation.basis.cloud/BASISHelp/WebHelp/bbjobjects/API/bbjvector/bbjvector_getitem.htm;BBjSysGuiEvent::getControl=https://documentation.basis.cloud/BASISHelp/WebHelp/bbjevents/BBjSysGuiEvent/bbjsysguievent_getcontrol.htm;BBjControl::setText=https://documentation.basis.cloud/BASISHelp/WebHelp/bbjobjects/SysGui/bbjcontrol/bbjcontrol_settext.htm;bbj_reserved_word cell/moves=not reserved		bbj-docs · hosted · docs 2026-09-21 · fd516a9d
intro-bbj/exercises/TicTacToeComputer.bbj	pass		RND=https://documentation.basis.cloud/BASISHelp/WebHelp/commands/rnd_function.htm;METHOD (method scope)=https://documentation.basis.cloud/BASISHelp/WebHelp/commands/method_verb.htm;METHODRET=https://documentation.basis.cloud/BASISHelp/WebHelp/commands/methodret_verb.htm;BBjListButton::getSelectedIndex and getItemAt=https://documentation.basis.cloud/BASISHelp/WebHelp/bbjobjects/Window/bbjlistbutton/bbjlistbutton_getselectedindex.htm;BBjVector::getItem=https://documentation.basis.cloud/BASISHelp/WebHelp/bbjobjects/API/bbjvector/bbjvector_getitem.htm;BBjSysGuiEvent::getControl=https://documentation.basis.cloud/BASISHelp/WebHelp/bbjevents/BBjSysGuiEvent/bbjsysguievent_getcontrol.htm		bbj-docs · hosted · docs 2026-09-21 · fd516a9d
intro-bbj/exercises/oo-tic-tac-toe/Board.bbj	pass		METHOD (method scope)=https://documentation.basis.cloud/BASISHelp/WebHelp/commands/method_verb.htm;METHODRET=https://documentation.basis.cloud/BASISHelp/WebHelp/commands/methodret_verb.htm;FIELD (#fieldname)=https://documentation.basis.cloud/BASISHelp/WebHelp/commands/bbj-commands/field_verb_bbj.htm		bbj-docs · hosted · docs 2026-09-21 · fd516a9d
intro-bbj/exercises/oo-tic-tac-toe/GameWindow.bbj	pass		FIELD (generated getters getName/getMark)=https://documentation.basis.cloud/BASISHelp/WebHelp/commands/bbj-commands/field_verb_bbj.htm;BBjSysGuiEvent::getControl=https://documentation.basis.cloud/BASISHelp/WebHelp/bbjevents/BBjSysGuiEvent/bbjsysguievent_getcontrol.htm;BBjVector::getItem=https://documentation.basis.cloud/BASISHelp/WebHelp/bbjobjects/API/bbjvector/bbjvector_getitem.htm;setCallback(event,#this!,method)=https://documentation.basis.cloud/BASISHelp/WebHelp/bbjobjects/SysGui/bbjcontrol/bbjcontrol_setcallback.htm;use ::Board.bbj::Board and ::Player.bbj::Player parse but are not resolved by the hosted check (stock BBj 26.03 without PREFIX)		bbj-docs · hosted · docs 2026-09-21 · fd516a9d
intro-bbj/exercises/oo-tic-tac-toe/PlayTicTacToe.bbj	pass		PROCESS_EVENTS=https://documentation.basis.cloud/BASISHelp/WebHelp/commands/process_events_verb.htm;USE=https://documentation.basis.cloud/BASISHelp/WebHelp/commands/use_verb.htm;use ::GameWindow.bbj::GameWindow parses but is not resolved by the hosted check (stock BBj 26.03 without PREFIX)		bbj-docs · hosted · docs 2026-09-21 · fd516a9d
intro-bbj/exercises/oo-tic-tac-toe/Player.bbj	pass		FIELD (public fields, generated getters)=https://documentation.basis.cloud/BASISHelp/WebHelp/commands/bbj-commands/field_verb_bbj.htm;METHOD (constructor)=https://documentation.basis.cloud/BASISHelp/WebHelp/commands/method_verb.htm		bbj-docs · hosted · docs 2026-09-21 · fd516a9d
intro-bbj/exercises/responsive-login.css	pass		styles_validate_tokens=webforJ 26 (26.02), 7 tokens valid and declared in docs/static/css/dwc-ui.css		webforj-mcp styles_validate_tokens webforJ 26
