id	kind	draft	target	lines
dwc/02_CSSStylesAndCustomProperties/Exercise-ThemingSupportComplete-Layout.css	css	.planning/phases/06.1-exercise-solutions-and-restored-screenshots/drafts/dwc/02_CSSStylesAndCustomProperties/Exercise-ThemingSupportComplete-Layout.css	docs/examples/dwc/02_CSSStylesAndCustomProperties/Exercise-ThemingSupportComplete-Layout.css	28
dwc/02_CSSStylesAndCustomProperties/Exercise-ThemingSupportComplete-Theme.css	css	.planning/phases/06.1-exercise-solutions-and-restored-screenshots/drafts/dwc/02_CSSStylesAndCustomProperties/Exercise-ThemingSupportComplete-Theme.css	docs/examples/dwc/02_CSSStylesAndCustomProperties/Exercise-ThemingSupportComplete-Theme.css	7
dwc/02_CSSStylesAndCustomProperties/Exercise-ThemingSupportComplete.bbj	bbj	.planning/phases/06.1-exercise-solutions-and-restored-screenshots/drafts/dwc/02_CSSStylesAndCustomProperties/Exercise-ThemingSupportComplete.bbj	docs/examples/dwc/02_CSSStylesAndCustomProperties/Exercise-ThemingSupportComplete.bbj	165
dwc/03C_Grid2GridEx/Exercise-BBjGridExWidgetComplete.bbj	bbj	.planning/phases/06.1-exercise-solutions-and-restored-screenshots/drafts/dwc/03C_Grid2GridEx/Exercise-BBjGridExWidgetComplete.bbj	docs/examples/dwc/03C_Grid2GridEx/Exercise-BBjGridExWidgetComplete.bbj	63
dwc/09_EmbeddingOtherComponents/Exercise-EmbedComponentComplete.bbj	bbj	.planning/phases/06.1-exercise-solutions-and-restored-screenshots/drafts/dwc/09_EmbeddingOtherComponents/Exercise-EmbedComponentComplete.bbj	docs/examples/dwc/09_EmbeddingOtherComponents/Exercise-EmbedComponentComplete.bbj	83
dwc/10_AdvancedResponsive/Exercise-ButtonTransitionComplete.bbj	bbj	.planning/phases/06.1-exercise-solutions-and-restored-screenshots/drafts/dwc/10_AdvancedResponsive/Exercise-ButtonTransitionComplete.bbj	docs/examples/dwc/10_AdvancedResponsive/Exercise-ButtonTransitionComplete.bbj	67
dwc/10_AdvancedResponsive/Exercise-ButtonTransitionComplete.css	css	.planning/phases/06.1-exercise-solutions-and-restored-screenshots/drafts/dwc/10_AdvancedResponsive/Exercise-ButtonTransitionComplete.css	docs/examples/dwc/10_AdvancedResponsive/Exercise-ButtonTransitionComplete.css	27
dwc/10_AdvancedResponsive/Exercise-MediaQueriesComplete.bbj	bbj	.planning/phases/06.1-exercise-solutions-and-restored-screenshots/drafts/dwc/10_AdvancedResponsive/Exercise-MediaQueriesComplete.bbj	docs/examples/dwc/10_AdvancedResponsive/Exercise-MediaQueriesComplete.bbj	111
dwc/10_AdvancedResponsive/Exercise-MediaQueriesComplete.css	css	.planning/phases/06.1-exercise-solutions-and-restored-screenshots/drafts/dwc/10_AdvancedResponsive/Exercise-MediaQueriesComplete.css	docs/examples/dwc/10_AdvancedResponsive/Exercise-MediaQueriesComplete.css	34
intro-bbj/exercises/LoginDialog.bbj	bbj	.planning/phases/06.1-exercise-solutions-and-restored-screenshots/drafts/intro-bbj/exercises/LoginDialog.bbj	docs/examples/intro-bbj/exercises/LoginDialog.bbj	70
intro-bbj/exercises/ResponsiveLoginDialog.bbj	bbj	.planning/phases/06.1-exercise-solutions-and-restored-screenshots/drafts/intro-bbj/exercises/ResponsiveLoginDialog.bbj	docs/examples/intro-bbj/exercises/ResponsiveLoginDialog.bbj	88
intro-bbj/exercises/TicTacToe.bbj	bbj	.planning/phases/06.1-exercise-solutions-and-restored-screenshots/drafts/intro-bbj/exercises/TicTacToe.bbj	docs/examples/intro-bbj/exercises/TicTacToe.bbj	104
intro-bbj/exercises/TicTacToeComputer.bbj	bbj	.planning/phases/06.1-exercise-solutions-and-restored-screenshots/drafts/intro-bbj/exercises/TicTacToeComputer.bbj	docs/examples/intro-bbj/exercises/TicTacToeComputer.bbj	280
intro-bbj/exercises/oo-tic-tac-toe/Board.bbj	bbj	.planning/phases/06.1-exercise-solutions-and-restored-screenshots/drafts/intro-bbj/exercises/oo-tic-tac-toe/Board.bbj	docs/examples/intro-bbj/exercises/oo-tic-tac-toe/Board.bbj	81
intro-bbj/exercises/oo-tic-tac-toe/GameWindow.bbj	bbj	.planning/phases/06.1-exercise-solutions-and-restored-screenshots/drafts/intro-bbj/exercises/oo-tic-tac-toe/GameWindow.bbj	docs/examples/intro-bbj/exercises/oo-tic-tac-toe/GameWindow.bbj	101
intro-bbj/exercises/oo-tic-tac-toe/PlayTicTacToe.bbj	bbj	.planning/phases/06.1-exercise-solutions-and-restored-screenshots/drafts/intro-bbj/exercises/oo-tic-tac-toe/PlayTicTacToe.bbj	docs/examples/intro-bbj/exercises/oo-tic-tac-toe/PlayTicTacToe.bbj	12
intro-bbj/exercises/oo-tic-tac-toe/Player.bbj	bbj	.planning/phases/06.1-exercise-solutions-and-restored-screenshots/drafts/intro-bbj/exercises/oo-tic-tac-toe/Player.bbj	docs/examples/intro-bbj/exercises/oo-tic-tac-toe/Player.bbj	15
intro-bbj/exercises/responsive-login.css	css	.planning/phases/06.1-exercise-solutions-and-restored-screenshots/drafts/intro-bbj/exercises/responsive-login.css	docs/examples/intro-bbj/exercises/responsive-login.css	36
