file	symbol	source
docs/examples/intro-bbj/exercises/LoginDialog.bbj	rem	OK-repo docs/examples/intro-bbj/oo-samples/MyDialog.bbj ; OK-repo docs/examples/dwc/01_GUI2BUI2DWC/DWC_AppThemes/DWCThemer.bbj
docs/examples/intro-bbj/exercises/LoginDialog.bbj	class public / classend	OK-repo docs/examples/intro-bbj/oo-samples/MyDialog.bbj
docs/examples/intro-bbj/exercises/LoginDialog.bbj	field private (typed fields)	OK-repo docs/examples/intro-bbj/oo-samples/MyDialog.bbj ; https://documentation.basis.cloud/BASISHelp/WebHelp/commands/bbj-commands/field_verb_bbj.htm
docs/examples/intro-bbj/exercises/LoginDialog.bbj	field private static BBjString X$ = "literal"	https://documentation.basis.cloud/BASISHelp/WebHelp/commands/bbj-commands/field_verb_bbj.htm (syntax: FIELD accesslevel {STATIC} typename fieldname {= expr}; a BBjString name needs the suffix $). ORCH-CHECK: bbj_check_syntax on a static field with an initializer
docs/examples/intro-bbj/exercises/LoginDialog.bbj	#DemoUser$ / #DemoPassword$ (static field read with the # notation inside the class)	https://documentation.basis.cloud/BASISHelp/WebHelp/commands/bbj-commands/field_verb_bbj.htm (fields are read with #fieldname inside the defining class; static getters are on the class name). ORCH-CHECK: # notation on a static field
docs/examples/intro-bbj/exercises/LoginDialog.bbj	BBjString	OK-repo docs/examples/intro-bbj/oo-samples/MyDialog.bbj
docs/examples/intro-bbj/exercises/LoginDialog.bbj	BBjTopLevelWindow	OK-repo docs/examples/intro-bbj/oo-samples/MyDialog.bbj
docs/examples/intro-bbj/exercises/LoginDialog.bbj	BBjEditBox	OK-repo docs/examples/intro-bbj/oo-samples/MyDialog.bbj
docs/examples/intro-bbj/exercises/LoginDialog.bbj	BBjButton	OK-repo docs/examples/intro-bbj/oo-samples/MyDialog.bbj
docs/examples/intro-bbj/exercises/LoginDialog.bbj	BBjNumber	OK-repo docs/examples/intro-bbj/oo-samples/MyDialog.bbj ; https://documentation.basis.cloud/BASISHelp/WebHelp/commands/bbj-commands/field_verb_bbj.htm
docs/examples/intro-bbj/exercises/LoginDialog.bbj	method public BBjNumber show() / methodend	OK-repo docs/examples/intro-bbj/oo-samples/MyDialog.bbj
docs/examples/intro-bbj/exercises/LoginDialog.bbj	methodret	https://documentation.basis.cloud/BASISHelp/WebHelp/commands/methodret_verb.htm (value required unless void)
docs/examples/intro-bbj/exercises/LoginDialog.bbj	methodret BBjAPI.TRUE / BBjAPI.FALSE	https://documentation.basis.cloud/BASISHelp/WebHelp/bbjobjects/bbjapi/bbjapi.htm (Constants: 0 FALSE, 1 TRUE). ORCH-CHECK: BBjNumber return of the constant
docs/examples/intro-bbj/exercises/LoginDialog.bbj	BBjAPI()	OK-repo docs/examples/intro-bbj/oo-samples/MyDialog.bbj
docs/examples/intro-bbj/exercises/LoginDialog.bbj	openSysGui	OK-repo docs/examples/intro-bbj/oo-samples/MyDialog.bbj
docs/examples/intro-bbj/exercises/LoginDialog.bbj	addWindow(x,y,w,h,title)	OK-repo docs/examples/intro-bbj/oo-samples/MyDialog.bbj
docs/examples/intro-bbj/exercises/LoginDialog.bbj	addStaticText(ID,x,y,w,h,title)	https://documentation.basis.cloud/BASISHelp/WebHelp/bbjobjects/Window/bbjwindow/bbjwindow_addstatictext.htm ; OK-repo docs/examples/intro-bbj/dwc-lesson-result/Sample.bbj
docs/examples/intro-bbj/exercises/LoginDialog.bbj	addEditBox(ID,x,y,w,h,title)	OK-repo docs/examples/intro-bbj/oo-samples/MyDialog.bbj
docs/examples/intro-bbj/exercises/LoginDialog.bbj	addEditBox(ID,x,y,w,h,title,flags) with flag $0400$	https://documentation.basis.cloud/BASISHelp/WebHelp/bbjobjects/Window/bbjwindow/bbjwindow_addeditbox.htm (flag $0400$ replaces input text with asterisks for a masked password)
docs/examples/intro-bbj/exercises/LoginDialog.bbj	addButton(ID,x,y,w,h,title)	OK-repo docs/examples/intro-bbj/oo-samples/MyDialog.bbj
docs/examples/intro-bbj/exercises/LoginDialog.bbj	setCallback(BBjAPI.ON_BUTTON_PUSH,label$)	OK-repo docs/examples/intro-bbj/oo-samples/MyDialog.bbj ; https://documentation.basis.cloud/BASISHelp/WebHelp/bbjobjects/SysGui/bbjcontrol/bbjcontrol_setcallback.htm
docs/examples/intro-bbj/exercises/LoginDialog.bbj	setCallback(BBjAPI.ON_CLOSE,label$) on a window	OK-repo docs/examples/intro-bbj/dwc-lesson-result/Sample.bbj ; https://documentation.basis.cloud/BASISHelp/WebHelp/bbjobjects/SysGui/bbjcontrol/bbjcontrol_setcallback.htm
docs/examples/intro-bbj/exercises/LoginDialog.bbj	process_events inside a method	OK-repo docs/examples/intro-bbj/oo-samples/MyDialog.bbj ; https://documentation.basis.cloud/BASISHelp/WebHelp/commands/process_events_verb.htm
docs/examples/intro-bbj/exercises/LoginDialog.bbj	label inside a method (login:, cancel:) used as callback target	OK-repo docs/examples/intro-bbj/oo-samples/MyDialog.bbj (okay: label inside show()). ORCH-CHECK
docs/examples/intro-bbj/exercises/LoginDialog.bbj	return from a callback label inside a method (dialog stays open after a wrong pair)	https://documentation.basis.cloud/BASISHelp/WebHelp/commands/return_verb.htm (RETURN ends a GOSUB subroutine). ORCH-CHECK / RESEARCH A6: needs a run that confirms process_events resumes and the dialog stays open
docs/examples/intro-bbj/exercises/LoginDialog.bbj	getText()	https://documentation.basis.cloud/BASISHelp/WebHelp/bbjobjects/SysGui/bbjcontrol/bbjcontrol_gettext.htm ; OK-repo docs/examples/intro-bbj/oo-samples/MyDialog.bbj
docs/examples/intro-bbj/exercises/LoginDialog.bbj	setText("")	https://documentation.basis.cloud/BASISHelp/WebHelp/bbjobjects/SysGui/bbjcontrol/bbjcontrol_settext.htm
docs/examples/intro-bbj/exercises/LoginDialog.bbj	if ... then ... endif	OK-repo docs/examples/intro-bbj/oo-samples/MyDialog.bbj ; https://documentation.basis.cloud/BASISHelp/WebHelp/commands/if_verb.htm
docs/examples/intro-bbj/exercises/LoginDialog.bbj	if ... then ... else ... endif	OK-repo docs/examples/intro-bbj/oo-samples/MyDialog.bbj ; https://documentation.basis.cloud/BASISHelp/WebHelp/commands/if_verb.htm
docs/examples/intro-bbj/exercises/LoginDialog.bbj	<> and and = operators in one condition	https://documentation.basis.cloud/BASISHelp/WebHelp/commands/if_verb.htm ; ORCH-CHECK: and/<> in the IF condition; bbj_lookup operator precedence
docs/examples/intro-bbj/exercises/LoginDialog.bbj	msgbox(text,48,title)	https://documentation.basis.cloud/BASISHelp/WebHelp/commands/bbj-commands/msgbox_function_bbj.htm (48 = MSGBOX_ICON_EXCLAMATION)
docs/examples/intro-bbj/exercises/LoginDialog.bbj	msgbox(text,64,title)	https://documentation.basis.cloud/BASISHelp/WebHelp/commands/bbj-commands/msgbox_function_bbj.htm (64 = MSGBOX_ICON_INFORMATION)
docs/examples/intro-bbj/exercises/LoginDialog.bbj	destroy() on BBjTopLevelWindow	https://documentation.basis.cloud/BASISHelp/WebHelp/bbjobjects/Window/bbjtoplevelwindow/bbjtoplevelwindow_destroy.htm
docs/examples/intro-bbj/exercises/LoginDialog.bbj	declare LoginDialog dlg!	OK-repo docs/examples/intro-bbj/oo-samples/CarApplication.bbj
docs/examples/intro-bbj/exercises/LoginDialog.bbj	new LoginDialog() (class without an explicit constructor)	OK-repo docs/examples/intro-bbj/oo-samples/CarApplication.bbj (new Car() on a class without a constructor)
docs/examples/intro-bbj/exercises/LoginDialog.bbj	dlg!.show() returned to a numeric variable	OK-repo docs/examples/intro-bbj/oo-samples/MyDialog.bbj
docs/examples/intro-bbj/exercises/LoginDialog.bbj	release	https://documentation.basis.cloud/BASISHelp/WebHelp/commands/release_verb.htm
docs/examples/intro-bbj/exercises/LoginDialog.bbj	variable names: userLabel!, passwordLabel!, user$, secret$, choice, ok, note$, dlg!	ORCH-CHECK: bbj_reserved_word for each name (ok, choice, secret$ in particular)
docs/examples/intro-bbj/exercises/ResponsiveLoginDialog.bbj	rem	OK-repo docs/examples/intro-bbj/oo-samples/MyDialog.bbj ; OK-repo docs/examples/dwc/01_GUI2BUI2DWC/DWC_AppThemes/DWCThemer.bbj
docs/examples/intro-bbj/exercises/ResponsiveLoginDialog.bbj	class public / classend	OK-repo docs/examples/intro-bbj/oo-samples/MyDialog.bbj
docs/examples/intro-bbj/exercises/ResponsiveLoginDialog.bbj	field private (typed fields)	OK-repo docs/examples/intro-bbj/oo-samples/MyDialog.bbj ; https://documentation.basis.cloud/BASISHelp/WebHelp/commands/bbj-commands/field_verb_bbj.htm
docs/examples/intro-bbj/exercises/ResponsiveLoginDialog.bbj	field private static BBjString X$ = "literal"	https://documentation.basis.cloud/BASISHelp/WebHelp/commands/bbj-commands/field_verb_bbj.htm (syntax: FIELD accesslevel {STATIC} typename fieldname {= expr}; a BBjString name needs the suffix $). ORCH-CHECK: bbj_check_syntax on a static field with an initializer
docs/examples/intro-bbj/exercises/ResponsiveLoginDialog.bbj	#DemoUser$ / #DemoPassword$ (static field read with the # notation inside the class)	https://documentation.basis.cloud/BASISHelp/WebHelp/commands/bbj-commands/field_verb_bbj.htm (fields are read with #fieldname inside the defining class; static getters are on the class name). ORCH-CHECK: # notation on a static field
docs/examples/intro-bbj/exercises/ResponsiveLoginDialog.bbj	BBjString	OK-repo docs/examples/intro-bbj/oo-samples/MyDialog.bbj
docs/examples/intro-bbj/exercises/ResponsiveLoginDialog.bbj	BBjTopLevelWindow	OK-repo docs/examples/intro-bbj/oo-samples/MyDialog.bbj
docs/examples/intro-bbj/exercises/ResponsiveLoginDialog.bbj	BBjEditBox	OK-repo docs/examples/intro-bbj/oo-samples/MyDialog.bbj
docs/examples/intro-bbj/exercises/ResponsiveLoginDialog.bbj	BBjButton	OK-repo docs/examples/intro-bbj/oo-samples/MyDialog.bbj
docs/examples/intro-bbj/exercises/ResponsiveLoginDialog.bbj	BBjNumber	OK-repo docs/examples/intro-bbj/oo-samples/MyDialog.bbj ; https://documentation.basis.cloud/BASISHelp/WebHelp/commands/bbj-commands/field_verb_bbj.htm
docs/examples/intro-bbj/exercises/ResponsiveLoginDialog.bbj	method public BBjNumber show() / methodend	OK-repo docs/examples/intro-bbj/oo-samples/MyDialog.bbj
docs/examples/intro-bbj/exercises/ResponsiveLoginDialog.bbj	methodret	https://documentation.basis.cloud/BASISHelp/WebHelp/commands/methodret_verb.htm (value required unless void)
docs/examples/intro-bbj/exercises/ResponsiveLoginDialog.bbj	methodret BBjAPI.TRUE / BBjAPI.FALSE	https://documentation.basis.cloud/BASISHelp/WebHelp/bbjobjects/bbjapi/bbjapi.htm (Constants: 0 FALSE, 1 TRUE). ORCH-CHECK: BBjNumber return of the constant
docs/examples/intro-bbj/exercises/ResponsiveLoginDialog.bbj	BBjAPI()	OK-repo docs/examples/intro-bbj/oo-samples/MyDialog.bbj
docs/examples/intro-bbj/exercises/ResponsiveLoginDialog.bbj	openSysGui	OK-repo docs/examples/intro-bbj/oo-samples/MyDialog.bbj
docs/examples/intro-bbj/exercises/ResponsiveLoginDialog.bbj	setCallback(BBjAPI.ON_BUTTON_PUSH,label$)	OK-repo docs/examples/intro-bbj/oo-samples/MyDialog.bbj ; https://documentation.basis.cloud/BASISHelp/WebHelp/bbjobjects/SysGui/bbjcontrol/bbjcontrol_setcallback.htm
docs/examples/intro-bbj/exercises/ResponsiveLoginDialog.bbj	setCallback(BBjAPI.ON_CLOSE,label$) on a window	OK-repo docs/examples/intro-bbj/dwc-lesson-result/Sample.bbj ; https://documentation.basis.cloud/BASISHelp/WebHelp/bbjobjects/SysGui/bbjcontrol/bbjcontrol_setcallback.htm
docs/examples/intro-bbj/exercises/ResponsiveLoginDialog.bbj	process_events inside a method	OK-repo docs/examples/intro-bbj/oo-samples/MyDialog.bbj ; https://documentation.basis.cloud/BASISHelp/WebHelp/commands/process_events_verb.htm
docs/examples/intro-bbj/exercises/ResponsiveLoginDialog.bbj	label inside a method (login:, cancel:) used as callback target	OK-repo docs/examples/intro-bbj/oo-samples/MyDialog.bbj (okay: label inside show()). ORCH-CHECK
docs/examples/intro-bbj/exercises/ResponsiveLoginDialog.bbj	return from a callback label inside a method (dialog stays open after a wrong pair)	https://documentation.basis.cloud/BASISHelp/WebHelp/commands/return_verb.htm (RETURN ends a GOSUB subroutine). ORCH-CHECK / RESEARCH A6: needs a run that confirms process_events resumes and the dialog stays open
docs/examples/intro-bbj/exercises/ResponsiveLoginDialog.bbj	getText()	https://documentation.basis.cloud/BASISHelp/WebHelp/bbjobjects/SysGui/bbjcontrol/bbjcontrol_gettext.htm ; OK-repo docs/examples/intro-bbj/oo-samples/MyDialog.bbj
docs/examples/intro-bbj/exercises/ResponsiveLoginDialog.bbj	setText("")	https://documentation.basis.cloud/BASISHelp/WebHelp/bbjobjects/SysGui/bbjcontrol/bbjcontrol_settext.htm
docs/examples/intro-bbj/exercises/ResponsiveLoginDialog.bbj	if ... then ... endif	OK-repo docs/examples/intro-bbj/oo-samples/MyDialog.bbj ; https://documentation.basis.cloud/BASISHelp/WebHelp/commands/if_verb.htm
docs/examples/intro-bbj/exercises/ResponsiveLoginDialog.bbj	if ... then ... else ... endif	OK-repo docs/examples/intro-bbj/oo-samples/MyDialog.bbj ; https://documentation.basis.cloud/BASISHelp/WebHelp/commands/if_verb.htm
docs/examples/intro-bbj/exercises/ResponsiveLoginDialog.bbj	<> and and = operators in one condition	https://documentation.basis.cloud/BASISHelp/WebHelp/commands/if_verb.htm ; ORCH-CHECK: and/<> in the IF condition; bbj_lookup operator precedence
docs/examples/intro-bbj/exercises/ResponsiveLoginDialog.bbj	msgbox(text,48,title)	https://documentation.basis.cloud/BASISHelp/WebHelp/commands/bbj-commands/msgbox_function_bbj.htm (48 = MSGBOX_ICON_EXCLAMATION)
docs/examples/intro-bbj/exercises/ResponsiveLoginDialog.bbj	msgbox(text,64,title)	https://documentation.basis.cloud/BASISHelp/WebHelp/commands/bbj-commands/msgbox_function_bbj.htm (64 = MSGBOX_ICON_INFORMATION)
docs/examples/intro-bbj/exercises/ResponsiveLoginDialog.bbj	destroy() on BBjTopLevelWindow	https://documentation.basis.cloud/BASISHelp/WebHelp/bbjobjects/Window/bbjtoplevelwindow/bbjtoplevelwindow_destroy.htm
docs/examples/intro-bbj/exercises/ResponsiveLoginDialog.bbj	declare LoginDialog dlg!	OK-repo docs/examples/intro-bbj/oo-samples/CarApplication.bbj
docs/examples/intro-bbj/exercises/ResponsiveLoginDialog.bbj	new LoginDialog() (class without an explicit constructor)	OK-repo docs/examples/intro-bbj/oo-samples/CarApplication.bbj (new Car() on a class without a constructor)
docs/examples/intro-bbj/exercises/ResponsiveLoginDialog.bbj	dlg!.show() returned to a numeric variable	OK-repo docs/examples/intro-bbj/oo-samples/MyDialog.bbj
docs/examples/intro-bbj/exercises/ResponsiveLoginDialog.bbj	release	https://documentation.basis.cloud/BASISHelp/WebHelp/commands/release_verb.htm
docs/examples/intro-bbj/exercises/ResponsiveLoginDialog.bbj	variable names: userLabel!, passwordLabel!, user$, secret$, choice, ok, note$, dlg!	ORCH-CHECK: bbj_reserved_word for each name (ok, choice, secret$ in particular)
docs/examples/intro-bbj/exercises/ResponsiveLoginDialog.bbj	use java.nio.file.Files / use java.nio.file.Paths	OK-repo docs/examples/dwc/01_GUI2BUI2DWC/DWC_AppThemes/DWCThemer.bbj ; https://documentation.basis.cloud/BASISHelp/WebHelp/commands/use_verb.htm (placed before the class, as in DWCThemer)
docs/examples/intro-bbj/exercises/ResponsiveLoginDialog.bbj	BBjAPI().getFileSystem().resolvePath("responsive-login.css")	OK-repo docs/examples/dwc/01_GUI2BUI2DWC/DWC_AppThemes/DWCThemer.bbj ; https://documentation.basis.cloud/BASISHelp/WebHelp/bbjobjects/bbjapi/bbjapi_getfilesystem.htm
docs/examples/intro-bbj/exercises/ResponsiveLoginDialog.bbj	new String(Files.readAllBytes(Paths.get(path$)))	OK-repo docs/examples/dwc/01_GUI2BUI2DWC/DWC_AppThemes/DWCThemer.bbj (inside a class method: ORCH-CHECK)
docs/examples/intro-bbj/exercises/ResponsiveLoginDialog.bbj	BBjAPI().getWebManager().injectStyle(css!)	OK-repo docs/examples/dwc/01_GUI2BUI2DWC/DWC_AppThemes/DWCThemer.bbj ; https://documentation.basis.cloud/BASISHelp/WebHelp/bui/BBjBuiManager/BBjBuiManager_injectStyle.htm (BBj 22.03 and higher)
docs/examples/intro-bbj/exercises/ResponsiveLoginDialog.bbj	addWindow(x,y,w,h,title,$01101083$)	OK-repo docs/examples/intro-bbj/dwc-lesson-result/Sample.bbj ; docs/docs/intro-bbj/03-web-development/04-window-layout-mode.mdx ; https://documentation.basis.cloud/BASISHelp/WebHelp/bbjobjects/SysGui/bbjsysgui/bbjsysgui_addwindow.htm
docs/examples/intro-bbj/exercises/ResponsiveLoginDialog.bbj	addPanelStyle("login-screen") on the top level window	OK-repo docs/examples/intro-bbj/dwc-lesson-result/Sample.bbj ; https://documentation.basis.cloud/BASISHelp/WebHelp/bbjobjects/Window/bbjwindow/BBjWindow_addPanelStyle.htm ; ORCH-CHECK: method name and effect on the inner div
docs/examples/intro-bbj/exercises/ResponsiveLoginDialog.bbj	BBjChildWindow	https://documentation.basis.cloud/BASISHelp/WebHelp/bbjobjects/Window/bbjwindow/bbjwindow_addchildwindow.htm (return type BBjChildWindow)
docs/examples/intro-bbj/exercises/ResponsiveLoginDialog.bbj	addChildWindow("",$00100000$,context)	OK-repo docs/examples/dwc/03C_Grid2GridEx/DataRow_and_ResultSet/4_BBjGridExWidget.bbj ; https://documentation.basis.cloud/BASISHelp/WebHelp/bbjobjects/Window/bbjwindow/bbjwindow_addchildwindow.htm (signature addChildWindow(string title, string flags, int context); flag $00100000$ Automatic Layout, dynamic flow layout in the DWC)
docs/examples/intro-bbj/exercises/ResponsiveLoginDialog.bbj	BBjAPI().getSysGui().getAvailableContext()	OK-repo docs/examples/dwc/03C_Grid2GridEx/DataRow_and_ResultSet/4_BBjGridExWidget.bbj ; https://documentation.basis.cloud/BASISHelp/WebHelp/bbjobjects/SysGui/bbjsysgui/bbjsysgui_getavailablecontext.htm
docs/examples/intro-bbj/exercises/ResponsiveLoginDialog.bbj	addPanelStyle("login-card") on the child window	OK-repo docs/examples/intro-bbj/dwc-lesson-result/Sample.bbj ; exercise hint (addPanelStyle sets a class on the inner div); ORCH-CHECK on a BBjChildWindow
docs/examples/intro-bbj/exercises/ResponsiveLoginDialog.bbj	addStaticText(title) short form	OK-repo docs/examples/dwc/01_GUI2BUI2DWC/DWC_AppThemes/DWCThemer.bbj
docs/examples/intro-bbj/exercises/ResponsiveLoginDialog.bbj	addEditBox(title) short form	OK-repo docs/examples/dwc/01_GUI2BUI2DWC/DWC_AppThemes/DWCThemer.bbj
docs/examples/intro-bbj/exercises/ResponsiveLoginDialog.bbj	addEditBox(ID,title,flags) with #card!.getAvailableControlID()	https://documentation.basis.cloud/BASISHelp/WebHelp/bbjobjects/Window/bbjwindow/bbjwindow_addeditbox.htm (signature addEditBox(int ID, string title, string flags)) ; https://documentation.basis.cloud/BASISHelp/WebHelp/bbjobjects/Window/bbjwindow/bbjwindow_getavailablecontrolid.htm
docs/examples/intro-bbj/exercises/ResponsiveLoginDialog.bbj	addButton(title) short form	OK-repo docs/examples/dwc/01_GUI2BUI2DWC/DWC_AppThemes/DWCThemer.bbj
docs/examples/intro-bbj/exercises/ResponsiveLoginDialog.bbj	setAttribute("theme","primary") on a button	OK-repo docs/examples/dwc/01_GUI2BUI2DWC/DWC_AppThemes/DWCThemer.bbj ; https://documentation.basis.cloud/BASISHelp/WebHelp/bbjobjects/SysGui/bbjcontrol/BBjControl_setAttribute.htm (DWC component attribute; ignored in the GUI client)
docs/examples/intro-bbj/exercises/ResponsiveLoginDialog.bbj	CSS classes login-screen and login-card, @media (width < 600px), --dwc-* tokens	OK-repo docs/examples/intro-bbj/dwc-lesson-result/Sample.bbj (sample.css for class use); tokens checked against docs/static/css/dwc-ui.css; ORCH-CHECK in the DWC: nested child window layout and the 600px breakpoint (RESEARCH A10)
docs/examples/intro-bbj/exercises/ResponsiveLoginDialog.bbj	flag $0400$ on the password edit box	https://documentation.basis.cloud/BASISHelp/WebHelp/bbjobjects/Window/bbjwindow/bbjwindow_addeditbox.htm (flag $0400$ replaces input text with asterisks for a masked password)
