id	fragment	lines
2C-45	08-2C.md	4
3B3-07	13-3B3.md	11
3B3-11	13-3B3.md	13
3B3-15	13-3B3.md	18
3B3-19	13-3B3.md	4
3B4-02	14-3B4.md	32
5A-21	16-5A.md	2
6A-20	17-6A.md	4
6A-21	17-6A.md	4
6A-24	17-6A.md	4
6A-25	17-6A.md	4
6A-34	17-6A.md	7
6A-36	17-6A.md	3
6A-37	17-6A.md	3
7A-11	18-7A.md	1
7A-13	18-7A.md	12
7A-29	18-7A.md	4
7A-34	18-7A.md	1
7A-41	18-7A.md	10
7A-43	18-7A.md	1
7A-45	18-7A.md	11
7A-50	18-7A.md	1
7A-52	18-7A.md	1
7A-54	18-7A.md	1
7A-58	18-7A.md	2
7A-62	18-7A.md	1
8B-02	20-8B.md	4
9A-04	21-9A.md	4
9A-05	21-9A.md	17
9A-09	21-9A.md	2
9A-11	21-9A.md	6
9A-13	21-9A.md	1
9A-15	21-9A.md	32
9B-04	22-9B.md	7
9B-07	22-9B.md	7
9C-06	23-9C.md	3
EX73-01	assign_73	1
